{"cameraMode":{"drawMode":0,"name":"Shaded","section":"Shading Mode"},"sceneLighting":false,"audioPlay":false,"sceneViewState":{"showFog":true,"showMaterialUpdate":false,"showSkybox":false,"showFlares":true,"showImageEffects":true,"showParticleSystems":true},"in2DMode":false,"pivot":{"x":-7.176205158233643,"y":6.020654201507568,"z":2.4903597831726076},"rotation":{"x":0.14205873012542725,"y":-0.5629239082336426,"z":0.09894941747188568,"w":0.8081738948822022},"size":62.61153030395508,"orthographic":false}